Pupil diameter (mm), Image, Time
0,,0.4906392
0,HappySP1,0.9909027
0,HappySP1,1.491339
0,Neutral1,1.992108
0,Neutral1,2.492268
0,HappyLP1,2.993017
0,Neutral1,3.493536
0,Neutral1,3.993954
0,SadSP1,4.494635
0,SadSP1,4.996369
0,Neutral1,5.49692
0,Neutral1,5.997099
0,SadLP1,6.497461
0,SadLP1,6.997571
0,Neutral1,7.497841
0,Neutral1,7.998167
0,Neutral1,8.498834
0,Neutral2,8.998881
0,Neutral2,9.499558
0,HappyLP2,10.00171
0,HappyLP2,10.50238
0,Neutral2,11.00297
0,Neutral2,11.50636
