{"cameraMode":{"drawMode":0,"name":"Shaded","section":"Shading Mode"},"sceneLighting":true,"audioPlay":false,"sceneViewState":{"m_AlwaysRefresh":false,"showFog":true,"showSkybox":true,"showFlares":true,"showImageEffects":true,"showParticleSystems":true,"showVisualEffectGraphs":true,"m_FxEnabled":true},"in2DMode":false,"pivot":{"x":5.991176128387451,"y":0.3955373764038086,"z":-0.9738807678222656},"rotation":{"x":-0.10440760105848313,"y":-0.09680856019258499,"z":0.010212157852947712,"w":-0.9897599816322327},"size":5.541115760803223,"orthographic":false}